,RPM,Thrust_N
0,1000.0,0.25926957665143197
1,2000.0,0.4834807374150721
2,3000.0,0.10964467415842606
3,4000.0,0.6297558477464431
4,5000.0,0.39916525174543
5,6000.0,0.6490736696061166
6,7000.0,0.5813861113743635
7,8000.0,0.9429000518166046
8,9000.0,1.4835922967663218
9,10000.0,1.0397643808579065
10,11000.0,2.080395469885575
11,12000.0,1.9104469893161031
12,13000.0,2.364313088327501
13,14000.0,3.0706089436813033
14,15000.0,2.897031604192185
15,16000.0,3.3536487413933918
16,17000.0,3.666150749522745
17,18000.0,4.285655341162105
18,19000.0,4.980784816775909
19,20000.0,5.596433829165906
20,21000.0,5.882346388066871
21,22000.0,7.0321005075114815
22,23000.0,7.797656143590975
23,24000.0,8.603176934820718
24,25000.0,8.48356759843518
25,26000.0,9.767569668473454
26,27000.0,10.44329207817634
27,28000.0,11.170784735708978
28,29000.0,11.664214862965942
29,30000.0,12.266974359830519
30,31000.0,13.438885972389155
31,32000.0,14.703784914572847
32,33000.0,15.295931705494246
33,34000.0,16.53242583832691
34,35000.0,17.078538750884153
35,36000.0,19.00111955821596
